{"Aa": [0.0, 0.03, 0.06, 0.09, 0.12, 0.15, 0.18, 0.21, 0.24, 0.27, 0.3, 0.32999999999999996, 0.36, 0.39, 0.42, 0.44999999999999996, 0.48, 0.51, 0.54, 0.57, 0.6, 0.63, 0.6599999999999999, 0.69, 0.72, 0.75, 0.78, 0.8099999999999999, 0.84, 0.87, 0.8999999999999999, 0.9299999999999999, 0.96, 0.99, 1.02, 1.05, 1.08, 1.1099999999999999, 1.14, 1.17, 1.2, 1.23, 1.26, 1.29, 1.3199999999999998, 1.3499999999999999, 1.38, 1.41, 1.44, 1.47, 1.5], "Av": [0.0011896368185205786, 0.0014441463069984062, 0.0014441463069984062, 0.0014441463069984062, 0.0011896368185205786, 0.0011896368185205786, 0.0011896368185206896, 0.000935127330042862, 0.0014441463069984062, 0.0019531652839539504, 0.0024621842609096056, 0.003480222214820805, 0.005261788634165487, 0.0078068835189433194, 0.011879035334588117, 0.01824177254653314, 0.026386076177822848, 0.034275870320634505, 0.04471075934822433, 0.05769074326059198, 0.07041621768448203, 0.08721384392401677, 0.1080836219791963, 0.14066083650435468, 0.1602580671171452, 0.20683330350858253, 0.30431043759557963, 0.3356151046783489, 0.3605570345491733, 0.3765911323232747, 0.3801542651619638, 0.39186170163194256, 0.4045871760558326, 0.40306011912496575, 0.42342087820318963, 0.42240284024927854, 0.42571146359948986, 0.44098203290815796, 0.449635355516403, 0.44403614676989145, 0.44709026063162505, 0.45956122556703716, 0.4590522065900816, 0.4539620168205256, 0.444545165746847, 0.45854318761312607, 0.4483628080740141, 0.44810829858553625, 0.4600702445439928, 0.46032475403247064, 0.45752514965921476]}